product_name;product_description;shelflife;sample_weights;CN_code;country_of_origin;product_group;product_group_new;product_family;product_family_internal;product_segment_text;common_applications;dairy;bakery & sweets;nutrition;savoury;single ingredients;kosher;super_kosher;halal;vlog;bio;rspo_mb;rspo_sg;vegetarian;vegan;palmfree;clean;acid_stable;palm_fat;dairy_fat_fat;"
sunflower_fat";rapeseed_fat;hydrogenated_fat;non_hydrogenated_fat;fat_content_lt_40;fat_content_gt_40_lt_70;70-80;0-20;20-50;50-70;70-95
COMBIMEC N ;High functional milk protein compound with whey protein and caseinate, customer exclusive product! neutral pH value (6-7), stabilization of fermented milk products and cream cheese;18 months;;1901 9099;DE;;;;;dairy,bakery & sweets,savoury;;TRUE;TRUE;FALSE;TRUE;FALSE;TRUE;FALSE;FALSE; ; ; ; ;not vegetarian;not vegan;not palmfree;FALSE; ;FALSE;FALSE; ;FALSE;FALSE;FALSE;FALSE;FALSE;FALSE;FALSE;FALSE;FALSE;FALSE
MTM® E 70 ;Protein ~71%, increase of dry matter, stirred yoghurt;18 months;;2106 9098;DE;Milk Protein Compound;;;;dairy;;TRUE;FALSE;FALSE;FALSE;FALSE;TRUE;FALSE;FALSE; ; ; ; ;not vegetarian;not vegan;not palmfree;TRUE; ;FALSE;FALSE; ;FALSE;FALSE;FALSE;FALSE;FALSE;FALSE;FALSE;FALSE;TRUE;FALSE
COMBIMEC A ;High functional milk protein compound with whey protein and caseinate, customer exclusive product! low pH value (3,5-4), stabilization of fermented milk products and cream cheese;18 months;;1901 9099;DE;;;;;dairy;;TRUE;FALSE;FALSE;FALSE;FALSE;TRUE;FALSE;FALSE; ; ; ; ;not vegetarian;not vegan;not palmfree;FALSE; ;FALSE;FALSE; ;FALSE;FALSE;FALSE;FALSE;FALSE;FALSE;FALSE;FALSE;FALSE;FALSE
COMBIMEC TA;High functional milk protein compound with whey protein and caseinate, customer exclusive product! low pH value (3,5-4), stabilization of fermented milk products and cream cheese;18 months;;1901 9099;DE;;;;;dairy;;TRUE;FALSE;FALSE;FALSE;FALSE;TRUE;FALSE;FALSE; ; ; ; ;not vegetarian;not vegan;not palmfree;FALSE; ;FALSE;FALSE; ;FALSE;FALSE;FALSE;FALSE;FALSE;FALSE;FALSE;FALSE;FALSE;FALSE
Megglite® 60-02 H;Hydrogenated dairy fat >60%, low free fat content, without beta carotene, with lactose;18 months;;2106 9098;DE;Coffee Whitener;;;;bakery & sweets;;FALSE;TRUE;FALSE;FALSE;FALSE;TRUE;FALSE;TRUE; ; ; ; ;not vegetarian;not vegan;palmfree;FALSE; ;FALSE;TRUE; ;FALSE;TRUE;FALSE;FALSE;TRUE;FALSE;FALSE;FALSE;FALSE;FALSE
MTM® T 80 ;Protein ~70%, increase of dry matter, stirred yoghurt;18 months;;2106 9098;DE;Milk Protein Compound;;;;dairy;;TRUE;FALSE;FALSE;FALSE;FALSE;TRUE;FALSE;TRUE; ; ; ; ;not vegetarian;not vegan;palmfree;TRUE; ;FALSE;FALSE; ;FALSE;FALSE;FALSE;FALSE;FALSE;FALSE;FALSE;FALSE;FALSE;TRUE
Megglite® 30-07 MB;Hydrogenated dairy fat >28%, low free fat content,with beta carotene;24 months;;2106 9098;DE;Coffee Whitener;;;;bakery & sweets;;FALSE;TRUE;FALSE;FALSE;FALSE;TRUE;FALSE;TRUE; ; ;TRUE; ;vegetarian;not vegan;not palmfree;FALSE; ;FALSE;TRUE; ;FALSE;TRUE;FALSE;TRUE;FALSE;FALSE;FALSE;FALSE;FALSE;FALSE
Megglite® 35-08 ;Hydrogenated dairy fat >32%, low free fat content, ideal for vending machines, longlasting foam, with beta carotene;24 months;;2106 9098;DE;Coffee Whitener;;;;bakery & sweets;;FALSE;TRUE;FALSE;FALSE;FALSE;TRUE;FALSE;TRUE; ; ; ; ;vegetarian;not vegan;not palmfree;FALSE; ;FALSE;TRUE; ;FALSE;TRUE;FALSE;TRUE;FALSE;FALSE;FALSE;FALSE;FALSE;FALSE
Edifett® HWP 041 SG;NEW! Non-Hydrogenated PKO, optimized HWP 011-9;18 months;;2106 9098;DE;Whipping Agents;;;;bakery & sweets;;FALSE;TRUE;FALSE;FALSE;FALSE;TRUE;FALSE;TRUE; ; ; ;TRUE;vegetarian;not vegan;not palmfree;FALSE; ;TRUE;FALSE; ;FALSE;FALSE;TRUE;FALSE;TRUE;FALSE;FALSE;FALSE;FALSE;FALSE
Edifett® HWP 014 MB ;Non-hydrogenated palmkernel oil, good functionality, suitable for recipes with lower pH level ;18 months;;2106 9098;DE;Whipping Agents;;;;bakery & sweets;;FALSE;TRUE;FALSE;FALSE;FALSE;TRUE;FALSE;TRUE; ; ;TRUE; ;vegetarian;not vegan;not palmfree;FALSE; ;TRUE;FALSE; ;FALSE;FALSE;TRUE;FALSE;TRUE;FALSE;FALSE;FALSE;FALSE;FALSE
Edifett® HWP 037;NEW! Non-Hydrogenated PKO, optimized HWP 011-9;18 months;;2106 9098;DE;Whipping Agents;;;;bakery & sweets;;FALSE;TRUE;FALSE;FALSE;FALSE;TRUE;FALSE;TRUE; ; ; ; ;vegetarian;not vegan;not palmfree;FALSE; ;TRUE;FALSE; ;FALSE;FALSE;TRUE;FALSE;TRUE;FALSE;FALSE;FALSE;FALSE;FALSE
Edifett® F 60 C L;Hydrogenated dairy oil 60%, includes Lactose, low content of free fat, freeze and thaw stable ;18 months;;2106 9092;DE;Fat Powder;;;;bakery & sweets;;FALSE;TRUE;FALSE;FALSE;FALSE;TRUE;FALSE;TRUE; ; ; ; ;vegetarian;not vegan;not palmfree;FALSE; ;FALSE;TRUE; ;FALSE;TRUE;FALSE;FALSE;TRUE;FALSE;FALSE;FALSE;FALSE;FALSE
Edifett® HWP 007 SG;Hydrogenated palmkernel oil, For milk application, lower content of anti-caking agent => low dust version;18 months;;2106 9098;DE;Whipping Agents;;;;bakery & sweets;;FALSE;TRUE;FALSE;FALSE;FALSE;TRUE;FALSE;TRUE; ; ; ;TRUE;vegetarian;not vegan;not palmfree;FALSE; ;TRUE;FALSE; ;FALSE;TRUE;FALSE;FALSE;TRUE;FALSE;FALSE;FALSE;FALSE;FALSE
EDIFETT HWP 007 MB;Hydrogenated palmkernel oil, For milk application, lower content of anti-caking agent => low dust version;18 months;;2106 9098;DE;Whipping Agents;;;;bakery & sweets;;FALSE;TRUE;FALSE;FALSE;FALSE;TRUE;FALSE;TRUE; ; ;TRUE; ;vegetarian;not vegan;not palmfree;FALSE; ;TRUE;FALSE; ;FALSE;TRUE;FALSE;FALSE;TRUE;FALSE;FALSE;FALSE;FALSE;FALSE
Edifett® HWP 021 MB ;Hydrogenated palmkernel and dairy oil, based on SMP, very creamy, milky taste;18 months;;2106 9098;DE;Whipping Agents;;;;bakery & sweets;;FALSE;TRUE;FALSE;FALSE;FALSE;TRUE;FALSE;TRUE; ; ;TRUE; ;vegetarian;not vegan;not palmfree;FALSE; ;TRUE;FALSE; ;FALSE;TRUE;FALSE;FALSE;TRUE;FALSE;FALSE;FALSE;FALSE;FALSE
Edifett® HWP 007 ;Hydrogenated palmkernel oil, For milk application ;18 months;200,500,1000,Anfrage;2106 9098;DE;Whipping Agents;Fatpowder;Whipping Agents;Edifett HWP;bakery & sweets;Cake filling & decoration creme;FALSE;TRUE;FALSE;FALSE;FALSE;TRUE;FALSE;TRUE; ; ; ; ;vegetarian;not vegan;not palmfree;FALSE; ;TRUE;FALSE; ;FALSE;TRUE;FALSE;FALSE;TRUE;FALSE;FALSE;FALSE;FALSE;FALSE
Edifett® HWP 009 ;Hydrogenated palmkernel oil, not recommended for milk applications;18 months;;2106 9098;DE;Whipping Agents;;;;bakery & sweets;;FALSE;TRUE;FALSE;FALSE;FALSE;TRUE;FALSE;TRUE; ; ; ; ;vegetarian;not vegan;not palmfree;FALSE; ;TRUE;FALSE; ;FALSE;TRUE;FALSE;FALSE;TRUE;FALSE;FALSE;FALSE;FALSE;FALSE
Edifett® HWP 011-9 ;Hydrogenated palmkernel oil, functionality slightly better then HWP 007 and 009;18 months;;2106 9098;DE;Whipping Agents;;;;bakery & sweets;;FALSE;TRUE;FALSE;FALSE;FALSE;TRUE;FALSE;TRUE; ; ; ; ;vegetarian;not vegan;not palmfree;FALSE; ;TRUE;FALSE; ;FALSE;TRUE;FALSE;FALSE;TRUE;FALSE;FALSE;FALSE;FALSE;FALSE
Edifett® HWP 502 ;Partially hydrogated palmkernel oil and hydrogenated dairy oil, pre-stabilized, former Edifett HWP 026 RA;18 months;;2106 9098;DE;Whipping Agents;;;;bakery & sweets;;FALSE;TRUE;FALSE;FALSE;FALSE;TRUE;FALSE;TRUE; ; ; ; ;vegetarian;not vegan;not palmfree;FALSE; ;TRUE;FALSE; ;FALSE;TRUE;FALSE;FALSE;TRUE;FALSE;FALSE;FALSE;FALSE;FALSE
Edifett® P80 P50 G SG;Non-hydrogenated palm oil 80%, based on glucose syrup, low TFA content, ;18 months;;2106 9098;DE;Fat Powder;;;;bakery & sweets,savoury;;FALSE;TRUE;FALSE;TRUE;FALSE;TRUE;FALSE;TRUE; ; ; ;TRUE;vegetarian;not vegan;not palmfree;FALSE; ;TRUE;FALSE; ;FALSE;FALSE;TRUE;FALSE;FALSE;TRUE;FALSE;FALSE;FALSE;FALSE
Edifett® SCP 001 SG ;Baking emulsifier, higher volume compared to SCP 002;18 months;;2106 9098;DE;Baking Emulsifier;;;;bakery & sweets;;FALSE;TRUE;FALSE;FALSE;FALSE;TRUE;FALSE;TRUE; ; ; ;TRUE;vegetarian;not vegan;not palmfree;FALSE; ;FALSE;FALSE; ;FALSE;FALSE;FALSE;FALSE;FALSE;FALSE;FALSE;FALSE;FALSE;FALSE
Edifett® SCP 002 SG ;Baking emulsifier, stable crumb structure ;18 months;;2106 9098;DE;Baking Emulsifier;;;;bakery & sweets;;FALSE;TRUE;FALSE;FALSE;FALSE;TRUE;FALSE;TRUE; ; ; ;TRUE;vegetarian;not vegan;not palmfree;FALSE; ;FALSE;FALSE; ;FALSE;FALSE;FALSE;FALSE;FALSE;FALSE;FALSE;FALSE;FALSE;FALSE
EDIFETT® SCP 006 MB ;Baking emulsifier, reduced E-Numbers;18 months;;2106 9098;DE;Baking Emulsifier;;;;bakery & sweets;;FALSE;TRUE;FALSE;FALSE;FALSE;TRUE;FALSE;TRUE; ; ;TRUE;FALSE;vegetarian;not vegan;not palmfree;FALSE; ;FALSE;FALSE; ;FALSE;FALSE;FALSE;FALSE;FALSE;FALSE;FALSE;FALSE;FALSE;FALSE
Edifett® F 60 P 50 L SG ;Non-hydrogenated palm oil 60%, includes lactose, freeze and thaw stable ;18 months;;2106 9092;DE;Fat Powder;;;;savoury;;FALSE;FALSE;FALSE;TRUE;FALSE;TRUE;FALSE;TRUE; ; ; ;TRUE;vegetarian;not vegan;not palmfree;FALSE; ;TRUE;FALSE; ;FALSE;FALSE;TRUE;FALSE;TRUE;FALSE;FALSE;FALSE;FALSE;FALSE
Edifett® N 77 P 50 L SG ;Non-hydrogenated palmoil 77%, no E-Numbers, includes Lactose (kosher and halal certified), high whitening power, also suitable for retorting processes  ;18 months;;2106 9092;DE;Fat Powder;;;;savoury;;FALSE;FALSE;FALSE;TRUE;FALSE;TRUE;FALSE;TRUE; ; ; ;TRUE;vegetarian;not vegan;not palmfree;TRUE; ;TRUE;FALSE; ;FALSE;FALSE;TRUE;FALSE;FALSE;TRUE;FALSE;FALSE;FALSE;FALSE
Meggle MULIN® ;Milk protein 77%, for industrial production of bakery glaze;24 months;;2106 9098;DE;Milk Protein Compound;;;;bakery & sweets;;FALSE;TRUE;FALSE;FALSE;FALSE;TRUE;FALSE;TRUE; ; ; ; ;vegetarian;not vegan;palmfree;FALSE; ;FALSE;FALSE; ;FALSE;FALSE;FALSE;FALSE;FALSE;FALSE;FALSE;FALSE;FALSE;TRUE
Megglite® 35-11 ;Hydrogenated dairy fat >36%, ideal for 2in1 and 3in1 blends, with beta carotene, suitable for water with a high hardness level;18 months;;2106 9098;DE;Coffee Whitener;;;;bakery & sweets;;FALSE;TRUE;FALSE;FALSE;FALSE;TRUE;FALSE;TRUE; ; ; ; ;vegetarian;not vegan;palmfree;FALSE; ;FALSE;TRUE; ;FALSE;TRUE;FALSE;TRUE;FALSE;FALSE;FALSE;FALSE;FALSE;FALSE
Megglite® 35-25 ;Hydrogenated dairy fat >32%, without beta caroteen, low free fat content, ideal for vending machines;24 months;;2106 9098;DE;Coffee Whitener;;;;bakery & sweets;;FALSE;TRUE;FALSE;FALSE;FALSE;TRUE;FALSE;TRUE; ; ; ; ;vegetarian;not vegan;palmfree;FALSE; ;FALSE;TRUE; ;FALSE;TRUE;FALSE;TRUE;FALSE;FALSE;FALSE;FALSE;FALSE;FALSE
Megglite® 701;Extra fine extruded Sodium Caseinate;18 months;;2106 9098;DE;Coffee Whitener;;;;bakery & sweets;;FALSE;TRUE;FALSE;FALSE;FALSE;TRUE;FALSE;TRUE; ; ; ; ;vegetarian;not vegan;palmfree;FALSE; ;FALSE;TRUE; ;FALSE;TRUE;FALSE;TRUE;FALSE;FALSE;FALSE;FALSE;FALSE;FALSE
Foamer C 23 ;Hydrogenated dairy fat 23%, 12% protein, only slight functionality differences compared to M 35;18 months;;2106 9098;DE;Foamer;;;;bakery & sweets;;FALSE;TRUE;FALSE;FALSE;FALSE;TRUE;FALSE;TRUE; ; ; ; ;vegetarian;not vegan;palmfree;FALSE; ;FALSE;TRUE; ;FALSE;FALSE;FALSE;TRUE;FALSE;FALSE;FALSE;FALSE;FALSE;FALSE
Foamer M 35;Hydrogenated dairy fat 23%, 14% protein, only slight functionality differences compared to C 23;18 months;;2106 9098;DE;Foamer;;;;bakery & sweets;;FALSE;TRUE;FALSE;FALSE;FALSE;TRUE;FALSE;TRUE; ; ; ; ;vegetarian;not vegan;palmfree;FALSE; ;FALSE;TRUE; ;FALSE;FALSE;FALSE;TRUE;FALSE;FALSE;FALSE;FALSE;FALSE;FALSE
Edifett® HWN ;Hydrogenated dairy fat, Palm free, Attention: Emulsifier based on palm ;18 months;;2106 9098;DE;Whipping Agents;;;;bakery & sweets;;FALSE;TRUE;FALSE;FALSE;FALSE;TRUE;FALSE;TRUE; ; ; ; ;vegetarian;not vegan;palmfree;FALSE; ;FALSE;TRUE; ;FALSE;TRUE;FALSE;FALSE;TRUE;FALSE;FALSE;FALSE;FALSE;FALSE
Globulal® 70 N VLOG;WPC 70, neutral pH value;18 months;;0404 1014;DE;WPC;;;;dairy,bakery & sweets,nutrition,savoury,single ingredients;;TRUE;TRUE;TRUE;TRUE;TRUE;TRUE;FALSE;TRUE;TRUE; ; ; ;vegetarian;not vegan;palmfree;TRUE; ;FALSE;FALSE; ;FALSE;FALSE;FALSE;FALSE;FALSE;FALSE;FALSE;FALSE;TRUE;FALSE
Globulal® 70 N;WPC 70, neutral pH value;18 months;;0404 1014;DE;WPC;;;;dairy,bakery & sweets,nutrition,savoury,single ingredients;;TRUE;TRUE;TRUE;TRUE;TRUE;TRUE;FALSE;TRUE; ; ; ; ;vegetarian;not vegan;palmfree;TRUE; ;FALSE;FALSE; ;FALSE;FALSE;FALSE;FALSE;FALSE;FALSE;FALSE;FALSE;TRUE;FALSE
Acid Casein 110 mesh VLOG; ;36 months;;3501 1090;DE;Casein;;;;dairy,bakery & sweets,nutrition,savoury,single ingredients;;TRUE;TRUE;TRUE;TRUE;TRUE;TRUE;FALSE;TRUE;TRUE; ; ; ;vegetarian;not vegan;palmfree;TRUE; ;FALSE;FALSE; ;FALSE;FALSE;FALSE;FALSE;FALSE;FALSE;FALSE;FALSE;FALSE;TRUE
Emulac® CC VLOG;Extruded Calcium Caseinate ;36 months;;3501 9090;DE;Caseinate;;;;dairy,bakery & sweets,nutrition,savoury,single ingredients;;TRUE;TRUE;TRUE;TRUE;TRUE;TRUE;FALSE;TRUE;TRUE; ; ; ;vegetarian;not vegan;palmfree;TRUE; ;FALSE;FALSE; ;FALSE;FALSE;FALSE;FALSE;FALSE;FALSE;FALSE;FALSE;FALSE;TRUE
Emulac® NA VLOG;Extruded Sodium Caseinate;36 months;;3501 9090;DE;Caseinate;;;;dairy,bakery & sweets,nutrition,savoury,single ingredients;;TRUE;TRUE;TRUE;TRUE;TRUE;TRUE;FALSE;TRUE;TRUE; ; ; ;vegetarian;not vegan;palmfree;TRUE; ;FALSE;FALSE; ;FALSE;FALSE;FALSE;FALSE;FALSE;FALSE;FALSE;FALSE;FALSE;TRUE
Globulal® 80 N VLOG;WPC 80, neutral pH value;18 months;;3502 2091;DE;WPC;;;;dairy,bakery & sweets,nutrition,savoury,single ingredients;;TRUE;TRUE;TRUE;TRUE;TRUE;TRUE;FALSE;TRUE;TRUE; ; ; ;vegetarian;not vegan;palmfree;TRUE; ;FALSE;FALSE; ;FALSE;FALSE;FALSE;FALSE;FALSE;FALSE;FALSE;FALSE;FALSE;TRUE
Globulal® 80 HGS VLOG;WPC 80, high gelling, neutral pH value, salt sensivity (gel strenght increases by adding salt);18 months;;3502 2091;DE;WPC;;;;dairy,bakery & sweets,nutrition,savoury;;TRUE;TRUE;TRUE;TRUE;FALSE;TRUE;FALSE;TRUE;TRUE; ; ; ;vegetarian;not vegan;palmfree;TRUE; ;FALSE;FALSE; ;FALSE;FALSE;FALSE;FALSE;FALSE;FALSE;FALSE;FALSE;FALSE;TRUE
Acid Casein 110 mesh; ;36 months;;3501 1090;DE;Casein;;;;dairy,bakery & sweets,nutrition,savoury,single ingredients;;TRUE;TRUE;TRUE;TRUE;TRUE;TRUE;FALSE;TRUE; ; ; ; ;vegetarian;not vegan;palmfree;TRUE; ;FALSE;FALSE; ;FALSE;FALSE;FALSE;FALSE;FALSE;FALSE;FALSE;FALSE;FALSE;TRUE
Emulac® CC ;Extruded Calcium Caseinate ;36 months;;3501 9090;DE;Caseinate;;;;dairy,bakery & sweets,nutrition,savoury,single ingredients;;TRUE;TRUE;TRUE;TRUE;TRUE;TRUE;FALSE;TRUE; ; ; ; ;vegetarian;not vegan;palmfree;TRUE; ;FALSE;FALSE; ;FALSE;FALSE;FALSE;FALSE;FALSE;FALSE;FALSE;FALSE;FALSE;TRUE
Emulac® NA ;Extruded Sodium Caseinate;36 months;;3501 9090;DE;Caseinate;;;;dairy,bakery & sweets,nutrition,savoury,single ingredients;;TRUE;TRUE;TRUE;TRUE;TRUE;TRUE;FALSE;TRUE; ; ; ; ;vegetarian;not vegan;palmfree;TRUE; ;FALSE;FALSE; ;FALSE;FALSE;FALSE;FALSE;FALSE;FALSE;FALSE;FALSE;FALSE;TRUE
Emulac® NA-F ;Extra fine extruded Sodium Caseinate;36 months;;3501 9090;DE;Caseinate;;;;dairy,bakery & sweets,nutrition,savoury,single ingredients;;TRUE;TRUE;TRUE;TRUE;TRUE;TRUE;FALSE;TRUE; ; ; ; ;vegetarian;not vegan;palmfree;TRUE; ;FALSE;FALSE; ;FALSE;FALSE;FALSE;FALSE;FALSE;FALSE;FALSE;FALSE;FALSE;TRUE
Globulal® 80 N;WPC 80, neutral pH value;18 months;;3502 2091;DE;WPC;;;;dairy,bakery & sweets,nutrition,savoury,single ingredients;;TRUE;TRUE;TRUE;TRUE;TRUE;TRUE;FALSE;TRUE; ; ; ; ;vegetarian;not vegan;palmfree;TRUE; ;FALSE;FALSE; ;FALSE;FALSE;FALSE;FALSE;FALSE;FALSE;FALSE;FALSE;FALSE;TRUE
Globulal® 80 HGS;WPC 80, high gelling, neutral pH value, salt sensivity (gel strenght increases by adding salt);18 months;;3502 2091;DE;WPC;;;;dairy,bakery & sweets,nutrition,savoury;;TRUE;TRUE;TRUE;TRUE;FALSE;TRUE;FALSE;TRUE; ; ; ; ;vegetarian;not vegan;palmfree;TRUE; ;FALSE;FALSE; ;FALSE;FALSE;FALSE;FALSE;FALSE;FALSE;FALSE;FALSE;FALSE;TRUE
MPC 85% A KD;Milkproteinconcentrate, ex stock WBG and FTL/FCL`s ex Switzerland possible, no country restrictions;18 months;;3504 0010;CH;Milk Protein Concentrate;;;;dairy,bakery & sweets,nutrition,savoury,single ingredients;;TRUE;TRUE;TRUE;TRUE;TRUE;TRUE;FALSE;TRUE;TRUE; ; ; ;vegetarian;not vegan;palmfree;FALSE; ;FALSE;FALSE; ;FALSE;FALSE;FALSE;FALSE;FALSE;FALSE;FALSE;FALSE;FALSE;TRUE
MPI 85 SK ;Milkproteinisolate ~85%,  Super kosher (High price!), FCL only;12 months;;3504 0010;US;Milk Protein Isolate;;;;dairy,bakery & sweets,nutrition,savoury,single ingredients;;TRUE;TRUE;TRUE;TRUE;TRUE;TRUE;TRUE;TRUE; ; ; ; ;vegetarian;not vegan;palmfree;FALSE; ;FALSE;FALSE; ;FALSE;FALSE;FALSE;FALSE;FALSE;FALSE;FALSE;FALSE;FALSE;TRUE
MPP SK ;Milk permeate powder, Super kosher (High price!), FCL only ;24 months;;0404 9021;US;Milk Permeate Powder;;;;dairy,bakery & sweets,nutrition,savoury,single ingredients;;TRUE;TRUE;TRUE;TRUE;TRUE;TRUE;TRUE;TRUE; ; ; ; ;vegetarian;not vegan;palmfree;FALSE; ;FALSE;FALSE; ;FALSE;FALSE;FALSE;FALSE;FALSE;FALSE;FALSE;FALSE;FALSE;TRUE
MPI 85 ;Milkproteinisolate ~85%, FCL only, no country restrictions;24 months;;3504 0010;US;Milk Protein Isolate;;;;dairy,bakery & sweets,nutrition,savoury,single ingredients;;TRUE;TRUE;TRUE;TRUE;TRUE;TRUE;FALSE;TRUE; ; ; ; ;vegetarian;not vegan;palmfree;FALSE; ;FALSE;FALSE; ;FALSE;FALSE;FALSE;FALSE;FALSE;FALSE;FALSE;FALSE;FALSE;TRUE
Globulal® 70 A VLOG;WPC 70, low pH value;18 months;;0404 1014;DE;WPC;;;;dairy,nutrition,savoury;;TRUE;FALSE;TRUE;TRUE;FALSE;TRUE;FALSE;TRUE;TRUE; ; ; ;vegetarian;not vegan;palmfree;TRUE; ;FALSE;FALSE; ;FALSE;FALSE;FALSE;FALSE;FALSE;FALSE;FALSE;FALSE;TRUE;FALSE
Globulal® 70 A;WPC 70, low pH value;18 months;;0404 1014;DE;WPC;;;;dairy,nutrition,savoury;;TRUE;FALSE;TRUE;TRUE;FALSE;TRUE;FALSE;TRUE; ; ; ; ;vegetarian;not vegan;palmfree;TRUE; ;FALSE;FALSE; ;FALSE;FALSE;FALSE;FALSE;FALSE;FALSE;FALSE;FALSE;TRUE;FALSE
MTM® SPORT 10;Protein ~82%, protein shakes, nutrition;15 months;; 3504 0010;DE;Milk Protein Compound;;;;dairy,nutrition;;TRUE;FALSE;TRUE;FALSE;FALSE;TRUE;FALSE;TRUE; ; ; ; ;vegetarian;not vegan;palmfree;TRUE; ;FALSE;FALSE; ;FALSE;FALSE;FALSE;FALSE;FALSE;FALSE;FALSE;FALSE;FALSE;TRUE
MTM® SPORT 5 ;Protein ~82%, protein shakes, nutrition;15 months;; 3504 0010;DE;Milk Protein Compound;;;;dairy,nutrition;;TRUE;FALSE;TRUE;FALSE;FALSE;TRUE;FALSE;TRUE; ; ; ; ;vegetarian;not vegan;palmfree;TRUE; ;FALSE;FALSE; ;FALSE;FALSE;FALSE;FALSE;FALSE;FALSE;FALSE;FALSE;FALSE;TRUE
Buttermilkpowder; ;12 months;200,500,1000,Anfrage;0403 9013;DE;Buttermilkpowder;Milk & Wheypowder;Buttermilkpowder;Buttermilkpowder;dairy,bakery & sweets,single ingredients;Yoghurt & Sour Milk Products,Cream Cheese,Milk Based Beverages,Cake filling & decoration creme,Dressings and mayonnaises;TRUE;TRUE;FALSE;FALSE;TRUE;TRUE;FALSE;TRUE; ; ; ; ;vegetarian;not vegan;palmfree;TRUE; ;FALSE;FALSE; ;FALSE;FALSE;FALSE;FALSE;FALSE;FALSE;FALSE;FALSE;FALSE;FALSE
Casinella® QN-K;Protein (only casein) ~86%, protein enrichment of vat milk > Cheese production;36 months;;3501 9090;DE;Caseinate;;;;dairy;;TRUE;FALSE;FALSE;FALSE;FALSE;TRUE;FALSE;TRUE; ; ; ; ;vegetarian;not vegan;palmfree;TRUE; ;FALSE;FALSE; ;FALSE;FALSE;FALSE;FALSE;FALSE;FALSE;FALSE;FALSE;FALSE;TRUE
Acid Casein 30/60 mesh VLOG; ;36 months;;3501 1090;DE;Casein;;;;dairy,bakery & sweets,nutrition,savoury,single ingredients;;TRUE;TRUE;TRUE;TRUE;TRUE;TRUE;FALSE;TRUE;TRUE;  ;  ;  ;vegetarian;not vegan;palmfree;TRUE;  ;FALSE;FALSE;  ;FALSE;FALSE;FALSE;FALSE;FALSE;FALSE;FALSE;FALSE;FALSE;TRUE
Acid Casein 30/60 mesh; ;36 months;;3501 1090;DE;Casein;;;;dairy,bakery & sweets,nutrition,savoury,single ingredients;;TRUE;TRUE;TRUE;TRUE;TRUE;TRUE;FALSE;TRUE;  ;  ;  ;  ;vegetarian;not vegan;palmfree;TRUE;  ;FALSE;FALSE;  ;FALSE;FALSE;FALSE;FALSE;FALSE;FALSE;FALSE;FALSE;FALSE;TRUE
WPC 80 INSTANT DS ;Whey protein concentrate instantised with deoiled soyalecithin, Minimum order qty 8.2 MT, no country restrictions;24 months;;3502 2091;NL;WPC;;;;dairy,bakery & sweets,nutrition,savoury,single ingredients;;TRUE;TRUE;TRUE;TRUE;TRUE;FALSE;FALSE;FALSE;FALSE;FALSE;FALSE; ;not vegetarian;not vegan;palmfree;FALSE;FALSE;FALSE;FALSE;FALSE;FALSE;FALSE;FALSE;FALSE;FALSE;FALSE;FALSE;FALSE;FALSE;FALSE
EDIFETT F 75 SB;Partially hydrogenated sunflower oil 75%, includes Lactose, freeze and thaw stable, suitable for retorting processes (not lower then 5,5 pH!);18 months;;2106 9092;DE;Fat Powder;;;;bakery & sweets,nutrition,savoury;;FALSE;TRUE;TRUE;TRUE;FALSE;FALSE;FALSE;FALSE;FALSE;FALSE;FALSE;FALSE;not vegetarian;not vegan;not palmfree;FALSE;FALSE;FALSE;FALSE;TRUE;FALSE;TRUE;FALSE;FALSE;FALSE;TRUE;FALSE;FALSE;FALSE;FALSE
Combimec® T-5 ;Customer exclusive product, good emulsifying properties, similar to SC 29;18 months;;1901 9099;DE;Compound based on Milk and/ or Whey;;;;bakery & sweets,savoury;;FALSE;TRUE;FALSE;TRUE;FALSE;FALSE;FALSE;FALSE;FALSE;FALSE;FALSE;FALSE;not vegetarian;not vegan;not palmfree;TRUE;FALSE;FALSE;FALSE;FALSE;FALSE;FALSE;FALSE;FALSE;FALSE;FALSE;FALSE;TRUE;FALSE;FALSE
FOAMER 9261 ;Hydrogenated dairy fat 26%, 14% protein, includes delactosed whey powder;18 months;;2106 9098;DE;Foamer;;;;bakery & sweets;;FALSE;TRUE;FALSE;FALSE;FALSE;FALSE;FALSE;TRUE;FALSE;FALSE;FALSE;FALSE;not vegetarian;not vegan;not palmfree;FALSE;FALSE;FALSE;TRUE;FALSE;FALSE;FALSE;FALSE;TRUE;FALSE;FALSE;FALSE;FALSE;FALSE;FALSE
Edifett® F 60 C 32 W;Hydrogenated dairy oil 60%, includes SWP and Lactose, milky taste, freeze and thaw stable, high whitening power ;18 months;;2106 9092;DE;Fat Powder;;;;bakery & sweets;;FALSE;TRUE;FALSE;FALSE;FALSE;TRUE;FALSE;TRUE;FALSE;FALSE;FALSE;FALSE;not vegetarian;not vegan;not palmfree;FALSE;FALSE;FALSE;TRUE;FALSE;FALSE;TRUE;FALSE;FALSE;TRUE;FALSE;FALSE;FALSE;FALSE;FALSE
BUROLAC® F 40 C ;Hydrogenated dairy oil 40%, includes SWP and Lactose, milky taste, freeze and thaw stable;18 months;;1901 9099;DE;Fat Powder;;;;bakery & sweets;;FALSE;TRUE;FALSE;FALSE;FALSE;FALSE;FALSE;TRUE;FALSE;FALSE;FALSE;FALSE;not vegetarian;not vegan;not palmfree;FALSE;FALSE;FALSE;TRUE;FALSE;FALSE;TRUE;FALSE;FALSE;TRUE;FALSE;FALSE;FALSE;FALSE;FALSE
BUROLAC® F 60 C/T ;Hydrogenated dairy oil 60%, includes SWP and Lactose, milky taste, freeze and thaw stable, high whitening power ;18 months;;2106 9092;DE;Fat Powder;;;;bakery & sweets;;FALSE;TRUE;FALSE;FALSE;FALSE;FALSE;FALSE;FALSE;FALSE;FALSE;FALSE;FALSE;not vegetarian;not vegan;not palmfree;FALSE;FALSE;FALSE;TRUE;FALSE;FALSE;TRUE;FALSE;FALSE;TRUE;FALSE;FALSE;FALSE;FALSE;FALSE
EDIFETT® P80 P50 L ;Non-hydrogenated palm oil 80%, based on lactose, low TFA content, ;18 months;;2106 9092;DE;Fat Powder;;;;bakery & sweets,savoury;;FALSE;TRUE;FALSE;TRUE;FALSE;FALSE;FALSE;FALSE;FALSE;FALSE;FALSE;FALSE;not vegetarian;not vegan;not palmfree;FALSE;FALSE;TRUE;FALSE;FALSE;FALSE;FALSE;TRUE;FALSE;FALSE;TRUE;FALSE;FALSE;FALSE;FALSE
Edifett® EMUL 001 SG;New Emulsifier! Acetem (E472a) on carrier End-application: RTE - desserts;12 months;;2106 9092;DE;Baking Emulsifier;;;;bakery & sweets;;FALSE;TRUE;FALSE;FALSE;FALSE;FALSE;FALSE;TRUE;FALSE;FALSE;FALSE;TRUE;not vegetarian;not vegan;not palmfree;FALSE;FALSE;FALSE;FALSE;FALSE;FALSE;FALSE;FALSE;FALSE;FALSE;FALSE;FALSE;FALSE;FALSE;FALSE
Combimec® RK H;Protein min 22%, Customer exclusive product (similar to Tariprot 30 F), versatile stabilization compound for food and meat products, fast solubility, phospate included;18 months;;1901 9099;DE;Compound based on Milk and/ or Whey;;;;savoury;;FALSE;FALSE;FALSE;TRUE;FALSE;FALSE;FALSE;FALSE;FALSE;FALSE;FALSE;FALSE;not vegetarian;not vegan;not palmfree;FALSE;FALSE;FALSE;FALSE;FALSE;FALSE;FALSE;FALSE;FALSE;FALSE;FALSE;FALSE;TRUE;FALSE;FALSE
Combimec® SC 22;Protein 22-30%, suitable for many food product, good emulsifying properties;18 months;;1901 9099;DE;Compound based on Milk and/ or Whey;;;;dairy,bakery & sweets,savoury;;TRUE;TRUE;FALSE;TRUE;FALSE;FALSE;FALSE;FALSE;FALSE;FALSE;FALSE;FALSE;not vegetarian;not vegan;not palmfree;FALSE;FALSE;FALSE;FALSE;FALSE;FALSE;FALSE;FALSE;FALSE;FALSE;FALSE;FALSE;TRUE;FALSE;FALSE
MTM® T 50 ;Protein ~50%, stirred yoghurt;18 months;;1901 9099;DE;Milk Protein Compound;;;;dairy;;TRUE;FALSE;FALSE;FALSE;FALSE;FALSE;FALSE;TRUE;FALSE;FALSE;FALSE;FALSE;not vegetarian;not vegan;not palmfree;TRUE;FALSE;FALSE;FALSE;FALSE;FALSE;FALSE;FALSE;FALSE;FALSE;FALSE;FALSE;FALSE;FALSE;FALSE
MTM® TJO 600 ;Protein ~55%, drinking yoghurt;18 months;;0404 1014;DE;Milk Protein Compound;;;;dairy;;TRUE;FALSE;FALSE;FALSE;FALSE;FALSE;FALSE;TRUE;FALSE;FALSE;FALSE;FALSE;not vegetarian;not vegan;not palmfree;TRUE;FALSE;FALSE;FALSE;FALSE;FALSE;FALSE;FALSE;FALSE;FALSE;FALSE;FALSE;FALSE;FALSE;FALSE
MTM BG 50 F;Protein ~48%, customer specific product, stirred yoghurt;18 months;;1901 9099;DE;Milk Protein Compound;;;;dairy;;TRUE;FALSE;FALSE;FALSE;FALSE;FALSE;FALSE;FALSE;FALSE;FALSE;FALSE;FALSE;not vegetarian;not vegan;not palmfree;TRUE;FALSE;FALSE;FALSE;FALSE;FALSE;FALSE;FALSE;FALSE;FALSE;FALSE;FALSE;FALSE;FALSE;FALSE
MTM BLM 50 ;Protein ~50%, customer specific product, stirred yoghurt;18 months;;1901 9099;DE;Milk Protein Compound;;;;dairy;;TRUE;FALSE;FALSE;FALSE;FALSE;FALSE;FALSE;FALSE;FALSE;FALSE;FALSE;FALSE;not vegetarian;not vegan;not palmfree;TRUE;FALSE;FALSE;FALSE;FALSE;FALSE;FALSE;FALSE;FALSE;FALSE;FALSE;FALSE;FALSE;FALSE;FALSE
Edifett® F 40 C 32 W;Hydrogenated dairy oil 40%, includes SWP and Lactose, milky taste, freeze and thaw stable;18 months;;1901 9099;DE;Fat Powder;;;;bakery & sweets;;FALSE;TRUE;FALSE;FALSE;FALSE;TRUE;FALSE;TRUE;FALSE;FALSE;FALSE;FALSE;not vegetarian;not vegan;palmfree;FALSE;FALSE;FALSE;TRUE;FALSE;FALSE;TRUE;FALSE;FALSE;TRUE;FALSE;FALSE;FALSE;FALSE;FALSE
Combimec® SC 29 ;Protein min 25%, perfect for meat products, high emulsifying properties, flavour enhancer, reduction of costs;18 months;;1901 9099;DE;Compound based on Milk and/ or Whey;;;;savoury;;FALSE;FALSE;FALSE;TRUE;FALSE;FALSE;FALSE;TRUE;FALSE;FALSE;FALSE;FALSE;not vegetarian;not vegan;palmfree;TRUE;FALSE;FALSE;FALSE;FALSE;FALSE;FALSE;FALSE;FALSE;FALSE;FALSE;FALSE;TRUE;FALSE;FALSE
Combimec® RK H;Protein min 22%, Customer exclusive product (similar to Tariprot 30 F), versatile stabilization compound for food and meat products, fast solubility, phospate included;18 months;;1901 9099;DE;Compound based on Milk and/ or Whey;;;;savoury;;FALSE;FALSE;FALSE;TRUE;FALSE;FALSE;FALSE;TRUE;FALSE;FALSE;FALSE;FALSE;not vegetarian;not vegan;palmfree;FALSE;FALSE;FALSE;FALSE;FALSE;FALSE;FALSE;FALSE;FALSE;FALSE;FALSE;FALSE;TRUE;FALSE;FALSE
Meggletose® INFANT 200 DB;For Infant Food: Dry Blend ;36 months;;1702 1100;DE;Lactose;;;;single ingredients;;FALSE;FALSE;FALSE;FALSE;TRUE;TRUE;FALSE;TRUE;FALSE;FALSE;FALSE;FALSE;not vegetarian;not vegan;palmfree;TRUE;FALSE;FALSE;FALSE;FALSE;FALSE;FALSE;FALSE;FALSE;FALSE;FALSE;FALSE;FALSE;FALSE;FALSE
Meggletose® INFANT 200 WB;For Infant Food: Wet Blend ;36 months;;1702 1100;DE;Lactose;;;;single ingredients;;FALSE;FALSE;FALSE;FALSE;TRUE;TRUE;FALSE;TRUE;FALSE;FALSE;FALSE;FALSE;not vegetarian;not vegan;palmfree;TRUE;FALSE;FALSE;FALSE;FALSE;FALSE;FALSE;FALSE;FALSE;FALSE;FALSE;FALSE;FALSE;FALSE;FALSE
Meggletose® INFANT 70 DB;For Infant Food: Dry Blend ;36 months;;1702 1100;DE;Lactose;;;;single ingredients;;FALSE;FALSE;FALSE;FALSE;TRUE;TRUE;FALSE;TRUE;FALSE;FALSE;FALSE;FALSE;not vegetarian;not vegan;palmfree;TRUE;FALSE;FALSE;FALSE;FALSE;FALSE;FALSE;FALSE;FALSE;FALSE;FALSE;FALSE;FALSE;FALSE;FALSE
Meggletose® INFANT 70 WB;For Infant Food: Wet Blend ;36 months;;1702 1100;DE;Lactose;;;;single ingredients;;FALSE;FALSE;FALSE;FALSE;TRUE;TRUE;FALSE;TRUE;FALSE;FALSE;FALSE;FALSE;not vegetarian;not vegan;palmfree;TRUE;FALSE;FALSE;FALSE;FALSE;FALSE;FALSE;FALSE;FALSE;FALSE;FALSE;FALSE;FALSE;FALSE;FALSE
Fondolac® JP 2 ;Special product for Japan (lower ash content and protein content compared to Fondolac SL);18 months;;0404 1014;DE;Delactosed Whey Powder;;;;savoury;;FALSE;FALSE;FALSE;TRUE;FALSE;FALSE;FALSE;FALSE;FALSE;FALSE;FALSE;FALSE;not vegetarian;not vegan;palmfree;TRUE;FALSE;FALSE;FALSE;FALSE;FALSE;FALSE;FALSE;FALSE;FALSE;FALSE;FALSE;FALSE;FALSE;FALSE
Meggletose® B 70 VLOG;Suitable for all food products incl. infant wet blends;36 months;;1702 1100;DE;Lactose;;;;dairy,bakery & sweets,nutrition,savoury,single ingredients;;TRUE;TRUE;TRUE;TRUE;TRUE;TRUE;FALSE;TRUE;TRUE;FALSE;FALSE;FALSE;not vegetarian;not vegan;palmfree;TRUE; ;FALSE;FALSE;FALSE;FALSE;FALSE;FALSE;FALSE;FALSE;FALSE;FALSE;FALSE;FALSE;FALSE
Meggletose® B 200;Suitable for all food products incl. infant wet blends;36 months;;1702 1100;DE;Lactose;;;;dairy,bakery & sweets,nutrition,savoury,single ingredients;;TRUE;TRUE;TRUE;TRUE;TRUE;TRUE;FALSE;TRUE;FALSE;FALSE;FALSE;FALSE;not vegetarian;not vegan;palmfree;TRUE; ;FALSE;FALSE;FALSE;FALSE;FALSE;FALSE;FALSE;FALSE;FALSE;FALSE;FALSE;FALSE;FALSE
Meggletose® B 40 S;Limited capacity! No sales without okay from D.Denzer, low dust version, sieved;36 months;;1702 1100;DE;Lactose;;;;dairy,bakery & sweets,nutrition,savoury,single ingredients;;TRUE;TRUE;TRUE;TRUE;TRUE;TRUE;FALSE;TRUE;FALSE;FALSE;FALSE;FALSE;not vegetarian;not vegan;palmfree;TRUE; ;FALSE;FALSE;FALSE;FALSE;FALSE;FALSE;FALSE;FALSE;FALSE;FALSE;FALSE;FALSE;FALSE
Meggletose® B 45 S;Limited capacity! No sales without okay from Mr. Denzer, sieved;36 months;;1702 1100;DE;Lactose;;;;dairy,bakery & sweets,nutrition,savoury,single ingredients;;TRUE;TRUE;TRUE;TRUE;TRUE;TRUE;FALSE;TRUE;FALSE;FALSE;FALSE;FALSE;not vegetarian;not vegan;palmfree;TRUE; ;FALSE;FALSE;FALSE;FALSE;FALSE;FALSE;FALSE;FALSE;FALSE;FALSE;FALSE;FALSE;FALSE
Meggletose® B 50;Suitable for all food products incl. infant wet blends;36 months;;1702 1100;DE;Lactose;;;;dairy,bakery & sweets,nutrition,savoury,single ingredients;;TRUE;TRUE;TRUE;TRUE;TRUE;TRUE;FALSE;TRUE;FALSE;FALSE;FALSE;FALSE;not vegetarian;not vegan;palmfree;TRUE; ;FALSE;FALSE;FALSE;FALSE;FALSE;FALSE;FALSE;FALSE;FALSE;FALSE;FALSE;FALSE;FALSE
Meggletose® F 70;Suitable for all food products, no infant wet blend, near to B 70 but off-white;24 months;;1702 1100;DE;Lactose;;;;dairy,bakery & sweets,savoury,single ingredients;;TRUE;TRUE;FALSE;TRUE;TRUE;TRUE;FALSE;TRUE;FALSE;FALSE;FALSE;FALSE;not vegetarian;not vegan;palmfree;TRUE; ;FALSE;FALSE;FALSE;FALSE;FALSE;FALSE;FALSE;FALSE;FALSE;FALSE;FALSE;FALSE;FALSE
Meggletose® F 200;Suitable for all food products, no infant wet blend, near to B 200 but off-white;24 months;;1702 1100;DE;Lactose;;;;dairy,bakery & sweets,savoury,single ingredients;;TRUE;TRUE;FALSE;TRUE;TRUE;TRUE;FALSE;TRUE;FALSE;FALSE;FALSE;FALSE;not vegetarian;not vegan;palmfree;TRUE;FALSE;FALSE;FALSE;FALSE;FALSE;FALSE;FALSE;FALSE;FALSE;FALSE;FALSE;FALSE;FALSE;FALSE
Fondolac® SL  ;High protein content, high ash content, good emulsifying properties, flavour enhancing;18 months;;0404 1014;DE;Delactosed Whey Powder;;;;dairy,savoury;;TRUE;FALSE;FALSE;TRUE;FALSE;FALSE;FALSE;FALSE;FALSE;FALSE;FALSE;FALSE;not vegetarian;not vegan;palmfree;TRUE;FALSE;FALSE;FALSE;FALSE;FALSE;FALSE;FALSE;FALSE;FALSE;FALSE;FALSE;TRUE;FALSE;FALSE
Meggletose® B 400;Extra fine, Application: Seeding crystals in condensed milk, carrier for flavours;36 months;;1702 1100;DE;Lactose;;;;dairy,savoury,single ingredients;;TRUE;FALSE;FALSE;TRUE;TRUE;TRUE;FALSE;TRUE;FALSE;FALSE;FALSE;FALSE;not vegetarian;not vegan;palmfree;TRUE;FALSE;FALSE;FALSE;FALSE;FALSE;FALSE;FALSE;FALSE;FALSE;FALSE;FALSE;FALSE;FALSE;FALSE
Vinplus®;Milk protein 86%, clarification of liquides, f.e. wine and fruit juice, possible as replacement for Casinella QN (sodium reduction);36 months;;3501 9090;DE;Milk Protein Compound;;;;dairy,savoury,single ingredients;;TRUE;FALSE;FALSE;TRUE;TRUE;TRUE;FALSE;TRUE;FALSE;FALSE;FALSE;FALSE;not vegetarian;not vegan;palmfree;TRUE;FALSE;FALSE;FALSE;FALSE;FALSE;FALSE;FALSE;FALSE;FALSE;FALSE;FALSE;FALSE;FALSE;FALSE
MTM® M 105 ;Protein ~67%, increase of dry matter, stirred yoghurt;12 months;;1901 9099;DE;Milk Protein Compound;;;;dairy;;TRUE;FALSE;FALSE;FALSE;FALSE;FALSE;FALSE;TRUE;FALSE;FALSE;FALSE;FALSE;not vegetarian;not vegan;palmfree;TRUE;FALSE;FALSE;FALSE;FALSE;FALSE;FALSE;FALSE;FALSE;FALSE;FALSE;FALSE;FALSE;FALSE;FALSE
MTM® W 260;;18 months;;0404 1014;DE;Milk Protein Compound;;;;dairy;;TRUE;FALSE;FALSE;FALSE;FALSE;FALSE;FALSE;TRUE;FALSE;FALSE;FALSE;FALSE;not vegetarian;not vegan;palmfree;TRUE;FALSE;FALSE;FALSE;FALSE;FALSE;FALSE;FALSE;FALSE;FALSE;FALSE;FALSE;FALSE;FALSE;FALSE
Edifett® F 50 R;NEW! Non-hydrogenated rapseed oil (high oleic) 50%, low content of TFA (trans fatty acids), high whitening power, cold soluble;12 months;;2106 9098;DE;Fat Powder;;;;bakery & sweets,nutrition,savoury;;FALSE;TRUE;TRUE;TRUE;FALSE;TRUE;FALSE; ;FALSE;FALSE;FALSE;FALSE;vegetarian;not vegan;not palmfree;FALSE;FALSE;FALSE;FALSE;FALSE;TRUE;FALSE;TRUE;FALSE;TRUE;FALSE;FALSE;FALSE;FALSE;FALSE
Megglite® 35-21 H;Non-hydrogenated palm oil ~36%, cold soluble, suitable for iced coffee blends, low free fat content, with beta carotene;18 months;;2106 9098;DE;Coffee Whitener;;;;bakery & sweets;;FALSE;TRUE;FALSE;FALSE;FALSE;TRUE;FALSE;TRUE;FALSE;FALSE;FALSE;FALSE;vegetarian;not vegan;not palmfree;FALSE;FALSE;TRUE;FALSE;FALSE;FALSE;FALSE;TRUE;TRUE;FALSE;FALSE;FALSE;FALSE;FALSE;FALSE
Megglite® 35-28;;18 months;;2106 9098;DE;Coffee Whitener;;;;bakery & sweets;;FALSE;TRUE;FALSE;FALSE;FALSE;TRUE;FALSE;TRUE;FALSE;FALSE;FALSE;FALSE;vegetarian;not vegan;not palmfree;FALSE;FALSE;TRUE;FALSE;FALSE;FALSE;FALSE;TRUE;TRUE;FALSE;FALSE;FALSE;FALSE;FALSE;FALSE
Edifett® HWP 044;;18 months;;2106 9098;DE;Whipping Agents;;;;bakery & sweets;;FALSE;TRUE;FALSE;FALSE;FALSE;TRUE;FALSE;TRUE;FALSE;FALSE;FALSE;FALSE;vegetarian;not vegan;not palmfree;FALSE;FALSE;TRUE;FALSE; ;FALSE;FALSE;TRUE;FALSE;TRUE;FALSE;FALSE;FALSE;FALSE;FALSE
Edifett® HWP 049;;18 months;;2106 9098;DE;Whipping Agents;;;;bakery & sweets;;FALSE;TRUE;FALSE;FALSE;FALSE;TRUE;FALSE;TRUE;FALSE;FALSE;FALSE;FALSE;vegetarian;not vegan;not palmfree;FALSE;FALSE;TRUE;FALSE; ;FALSE;FALSE;TRUE;FALSE;TRUE;FALSE;FALSE;FALSE;FALSE;FALSE
Edifett® F 50 P 50 G SG;;24 months;;2106 9098;DE;Fat Powder;;;;bakery & sweets,savoury;;FALSE;TRUE;FALSE;TRUE;FALSE;TRUE;FALSE;TRUE;FALSE;FALSE;FALSE;TRUE;vegetarian;not vegan;not palmfree;FALSE;FALSE;TRUE;FALSE;FALSE;FALSE;FALSE;TRUE;FALSE;TRUE;FALSE;FALSE;FALSE;FALSE;FALSE
Edifett® HWP 035 ;Non-hydrogenated palmkernel oil, advancement of HWP 017-1, high protein content, very good stability ;18 months;;2106 9098;DE;Whipping Agents;;;;bakery & sweets;;FALSE;TRUE;FALSE;FALSE;FALSE;TRUE;FALSE;TRUE;FALSE;FALSE;FALSE;FALSE;vegetarian;not vegan;not palmfree;FALSE;FALSE;TRUE;FALSE;FALSE;FALSE;FALSE;TRUE;FALSE;TRUE;FALSE;FALSE;FALSE;FALSE;FALSE
Edifett® HWP 015 SG;Hydrogenated palmkernel and dairy oil, low protein content, high volume but low stiffness ;18 months;;2106 9098;DE;Whipping Agents;;;;bakery & sweets;;FALSE;TRUE;FALSE;FALSE;FALSE;TRUE;FALSE;TRUE;FALSE;FALSE;FALSE;TRUE;vegetarian;not vegan;not palmfree;FALSE;FALSE;TRUE;FALSE;FALSE;FALSE;TRUE;FALSE;FALSE;TRUE;FALSE;FALSE;FALSE;FALSE;FALSE
Edifett® HWP 023 SG;Non-hydrogenated palmkernel oil & hydrogenated dairy oil, very good functionality ;18 months;;2106 9098;DE;Whipping Agents;;;;bakery & sweets;;FALSE;TRUE;FALSE;FALSE;FALSE;TRUE;FALSE;TRUE;FALSE;FALSE;FALSE;TRUE;vegetarian;not vegan;not palmfree;FALSE;FALSE;TRUE;FALSE;FALSE;FALSE;TRUE;FALSE;FALSE;TRUE;FALSE;FALSE;FALSE;FALSE;FALSE
MTM® GR 77 ;Protein ~74%, ice cream, greek style yoghurt;18 months;;2106 9098;DE;Milk Protein Compound;;;;dairy,bakery & sweets,nutrition;;TRUE;TRUE;TRUE;FALSE;FALSE;FALSE;FALSE; ;FALSE;FALSE;FALSE;FALSE;vegetarian;not vegan;not palmfree;TRUE;FALSE;FALSE;FALSE;FALSE;FALSE;FALSE;FALSE;FALSE;FALSE;FALSE;FALSE;FALSE;FALSE;FALSE
MTM® TJO 801 ;Protein ~72%, protein increasement in cream cheese, production possible in GER & NL;18 months;;0404 9023;DE;Milk Protein Compound;;;;dairy,nutrition;;TRUE;FALSE;TRUE;FALSE;FALSE;FALSE;FALSE;TRUE;FALSE;FALSE;FALSE;FALSE;vegetarian;not vegan;not palmfree;TRUE;FALSE;FALSE;FALSE;FALSE;FALSE;FALSE;FALSE;FALSE;FALSE;FALSE;FALSE;FALSE;FALSE;FALSE
MTM® TJO 807;Protein 80%,  drinking yoghurt, protein enrichment in shakes;18 months;;3502 2091;DE;Milk Protein Compound;;;;dairy;;TRUE;FALSE;FALSE;FALSE;FALSE;FALSE;FALSE;TRUE;FALSE;FALSE;FALSE;FALSE;vegetarian;not vegan;not palmfree;TRUE;FALSE;FALSE;FALSE;FALSE;FALSE;FALSE;FALSE;FALSE;FALSE;FALSE;FALSE;FALSE;FALSE;FALSE
MTM® QD 001 ;Protein ~65%, quarkdessert, yoghurt;12 months;;0404 9023;DE;Milk Protein Compound;;;;dairy;;TRUE;FALSE;FALSE;FALSE;FALSE;FALSE;FALSE; ;FALSE;FALSE;FALSE;FALSE;vegetarian;not vegan;not palmfree;TRUE;FALSE;FALSE;FALSE;FALSE;FALSE;FALSE;FALSE;FALSE;FALSE;FALSE;FALSE;FALSE;FALSE;FALSE
MTM BLM OH 001;Protein ~64%, yoghurt;18 months;;2106 9098;DE;Milk Protein Compound;;;;dairy;;TRUE;FALSE;FALSE;FALSE;FALSE;FALSE;FALSE;FALSE;FALSE;FALSE;FALSE;FALSE;vegetarian;not vegan;not palmfree;TRUE;FALSE;FALSE;FALSE;FALSE;FALSE;FALSE;FALSE;FALSE;FALSE;FALSE;FALSE;FALSE;FALSE;FALSE
Edifett® F 72 SB HO ;Non-hydrogenated sunflower oil (high oleic) 72%, low TFA (trans fatty acids) content, high whitening power, cold soluble  ;15 months;;2106 9098;DE;Fat Powder;;;;bakery & sweets,nutrition,savoury;;FALSE;TRUE;TRUE;TRUE;FALSE;TRUE;FALSE;TRUE;FALSE;FALSE;FALSE;FALSE;vegetarian;not vegan;palmfree;FALSE;FALSE;FALSE;FALSE;TRUE;FALSE;FALSE;TRUE;FALSE;FALSE;TRUE;FALSE;FALSE;FALSE;FALSE
Burolac® GLAZE 001;;24 months;;2106 9098;DE;Milk Protein Compound;;;;bakery & sweets;;FALSE;TRUE;FALSE;FALSE;FALSE;TRUE;FALSE;TRUE; ;FALSE;FALSE;FALSE;vegetarian;not vegan;palmfree;TRUE;FALSE;FALSE;FALSE;FALSE;FALSE;FALSE;FALSE;FALSE;FALSE;FALSE;FALSE;FALSE;FALSE;TRUE
Burolac® SM;High protein ~74% + lactose, egg replacer in bakery applications;18 months;;2106 9098;DE;Milk Protein Compound;;;;bakery & sweets,savoury;;FALSE;TRUE;FALSE;TRUE;FALSE;TRUE;FALSE;TRUE;FALSE;FALSE;FALSE;FALSE;vegetarian;not vegan;palmfree;TRUE;FALSE;FALSE;FALSE;FALSE;FALSE;FALSE;FALSE;FALSE;FALSE;FALSE;FALSE;FALSE;FALSE;TRUE
Burolac® SM 801;;18 months;;3502 2091;DE;Milk Protein Compound;;;;bakery & sweets;;FALSE;TRUE;FALSE;FALSE;FALSE;TRUE;FALSE;TRUE;FALSE;FALSE;FALSE;FALSE;vegetarian;not vegan;palmfree;TRUE;FALSE;FALSE;FALSE;FALSE;FALSE;FALSE;FALSE;FALSE;FALSE;FALSE;FALSE;FALSE;FALSE;TRUE
Megglite® 35-30 SG;;24 months;;2106 9098;DE;Coffee Whitener;;;;bakery & sweets;;FALSE;TRUE;FALSE;FALSE;FALSE;TRUE;FALSE;TRUE;FALSE;FALSE;FALSE;FALSE;vegetarian;not vegan;palmfree;FALSE;FALSE;FALSE;TRUE;FALSE;FALSE;FALSE;TRUE;TRUE;FALSE;FALSE;FALSE;FALSE;FALSE;FALSE
Megglite® 35-17;;18 months;;2106 9098;DE;Coffee Whitener;;;;bakery & sweets;;FALSE;TRUE;FALSE;FALSE;FALSE;TRUE;FALSE;TRUE;FALSE;FALSE;FALSE;FALSE;vegetarian;not vegan;palmfree;FALSE;FALSE;FALSE;TRUE;FALSE;FALSE;TRUE;FALSE;TRUE;FALSE;FALSE;FALSE;FALSE;FALSE;FALSE
Fondolac® M ;Perfect for meat products, low dust during production, fast solubility;18 months;;0404 1014;DE;Delactosed Whey Powder;;;;savoury;;FALSE;FALSE;FALSE;TRUE;FALSE;TRUE;FALSE;TRUE;FALSE;FALSE;FALSE;FALSE;vegetarian;not vegan;palmfree;TRUE;FALSE;FALSE;FALSE;FALSE;FALSE;FALSE;FALSE;FALSE;FALSE;FALSE;FALSE;TRUE;FALSE;FALSE
Meggletose® B 200 VLOG;Suitable for all food products incl. infant wet blends;36 months;;1702 1100;DE;Lactose;;;;dairy,bakery & sweets,nutrition,savoury,single ingredients;;TRUE;TRUE;TRUE;TRUE;TRUE;TRUE;FALSE;TRUE;TRUE;FALSE;FALSE;FALSE;vegetarian;not vegan;palmfree;TRUE; ;FALSE;FALSE;FALSE;FALSE;FALSE;FALSE;FALSE;FALSE;FALSE;FALSE;FALSE;FALSE;FALSE
Meggletose® B 70;Suitable for all food products incl. infant wet blends;36 months;;1702 1100;DE;Lactose;;;;dairy,bakery & sweets,nutrition,savoury,single ingredients;;TRUE;TRUE;TRUE;TRUE;TRUE;TRUE;FALSE;TRUE;FALSE;FALSE;FALSE;FALSE;vegetarian;not vegan;palmfree;TRUE; ;FALSE;FALSE;FALSE;FALSE;FALSE;FALSE;FALSE;FALSE;FALSE;FALSE;FALSE;FALSE;FALSE
MPC 85% A Bio (DE-ÖKO-003);Milkproteinconcentrate, Bio-quality, ex stock WBG and FTL/FCL`s ex Switzerland possible, no country restrictions;18 months;;3504 0010;CH;Milk Protein Concentrate;;;;dairy,bakery & sweets,nutrition,savoury,single ingredients;;TRUE;TRUE;TRUE;TRUE;TRUE;TRUE;FALSE;TRUE;TRUE;TRUE;FALSE;FALSE;vegetarian;not vegan;palmfree;FALSE;FALSE;FALSE;FALSE;FALSE;FALSE;FALSE;FALSE;FALSE;FALSE;FALSE;FALSE;FALSE;FALSE;FALSE
Lactose edible ;;24 months;;1702 1100;AT;Lactose;;;;dairy,bakery & sweets,nutrition,savoury,single ingredients;;TRUE;TRUE;TRUE;TRUE;TRUE;TRUE;FALSE;TRUE;FALSE;FALSE;FALSE;FALSE;vegetarian;not vegan;palmfree;FALSE;FALSE;FALSE;FALSE;FALSE;FALSE;FALSE;FALSE;FALSE;FALSE;FALSE;FALSE;FALSE;FALSE;FALSE
Lactose edible extra fine;;24 months;;1702 1100;AT;Lactose;;;;dairy,bakery & sweets,nutrition,savoury,single ingredients;;TRUE;TRUE;TRUE;TRUE;TRUE;TRUE;FALSE;TRUE;FALSE;FALSE;FALSE;FALSE;vegetarian;not vegan;palmfree;FALSE;FALSE;FALSE;FALSE;FALSE;FALSE;FALSE;FALSE;FALSE;FALSE;FALSE;FALSE;FALSE;FALSE;FALSE
Lactose edible fine;;24 months;;1702 1100;AT;Lactose;;;;dairy,bakery & sweets,nutrition,savoury,single ingredients;;TRUE;TRUE;TRUE;TRUE;TRUE;TRUE;FALSE;TRUE;FALSE;FALSE;FALSE;FALSE;vegetarian;not vegan;palmfree;FALSE;FALSE;FALSE;FALSE;FALSE;FALSE;FALSE;FALSE;FALSE;FALSE;FALSE;FALSE;FALSE;FALSE;FALSE
Megglosat® HP 12 ;High protein content ~78%, suitable for protein bars, additional plant proteins included ;18 months;;2106 9092;DE;Milk Protein Compound;;;;dairy,nutrition;;TRUE;FALSE;TRUE;FALSE;FALSE;TRUE;FALSE;TRUE;FALSE;FALSE;FALSE;FALSE;vegetarian;not vegan;palmfree;TRUE;FALSE;FALSE;FALSE;FALSE;FALSE;FALSE;FALSE;FALSE;FALSE;FALSE;FALSE;FALSE;FALSE;FALSE
Megglosat® HP ME ;High protein content ~85%, suitable for protein bars ;18 months;;3504 0010;DE;Milk Protein Compound;;;;dairy,nutrition;;TRUE;FALSE;TRUE;FALSE;FALSE;TRUE;FALSE;TRUE;FALSE;FALSE;FALSE;FALSE;vegetarian;not vegan;palmfree;TRUE;FALSE;FALSE;FALSE;FALSE;FALSE;FALSE;FALSE;FALSE;FALSE;FALSE;FALSE;FALSE;FALSE;FALSE
MTM® M 481;Protein ~55%, stirred and greek style-yoghurt;12 months;;3504 0010;DE;Milk Protein Compound;;;;dairy,nutrition;;TRUE;FALSE;TRUE;FALSE;FALSE;TRUE;FALSE;TRUE;FALSE;FALSE;FALSE;FALSE;vegetarian;not vegan;palmfree;TRUE;FALSE;FALSE;FALSE;FALSE;FALSE;FALSE;FALSE;FALSE;FALSE;FALSE;FALSE;FALSE;FALSE;FALSE
MTM® TJO 700 ;Protein ~69%, drinking yoghurt, protein enrichment in shakes;18 months;;0404 1014;DE;Milk Protein Compound;;;;dairy,nutrition;;TRUE;FALSE;TRUE;FALSE;FALSE;TRUE;FALSE;TRUE;FALSE;FALSE;FALSE;FALSE;vegetarian;not vegan;palmfree;TRUE;FALSE;FALSE;FALSE;FALSE;FALSE;FALSE;FALSE;FALSE;FALSE;FALSE;FALSE;FALSE;FALSE;FALSE
MTM® TJO 805 ;Protein ~79%, drink yoghurt, protein enrichment in shakes;18 months;;3502 2091;DE;Milk Protein Compound;;;;dairy,nutrition;;TRUE;FALSE;TRUE;FALSE;FALSE;TRUE;FALSE;TRUE;FALSE;FALSE;FALSE;FALSE;vegetarian;not vegan;palmfree;TRUE;FALSE;FALSE;FALSE;FALSE;FALSE;FALSE;FALSE;FALSE;FALSE;FALSE;FALSE;FALSE;FALSE;FALSE
Fondolac® SL H;Halal version, high protein content, high ash content, good emulsifying properties, flavour enhancing;18 months;;0404 1014;DE;Delactosed Whey Powder;;;;dairy,savoury;;TRUE;FALSE;FALSE;TRUE;FALSE;TRUE;FALSE;TRUE;FALSE;FALSE;FALSE;FALSE;vegetarian;not vegan;palmfree;TRUE;FALSE;FALSE;FALSE;FALSE;FALSE;FALSE;FALSE;FALSE;FALSE;FALSE;FALSE;TRUE;FALSE;FALSE
Casinella® ME 2 ;Protein ~85%, stirred yoghurt;18 months;;3504 0010;DE;Milk Protein Compound;;;;dairy;;TRUE;FALSE;FALSE;FALSE;FALSE;TRUE;FALSE;TRUE;FALSE;FALSE;FALSE;FALSE;vegetarian;not vegan;palmfree;TRUE;FALSE;FALSE;FALSE;FALSE;FALSE;FALSE;FALSE;FALSE;FALSE;FALSE;FALSE;FALSE;FALSE;TRUE
MTM® CF 001 D ;Protein ~75%, for feta and white cheese;18 months;;2106 9098;DE;Milk Protein Compound;;;;dairy;;TRUE;FALSE;FALSE;FALSE;FALSE;TRUE;FALSE;TRUE;FALSE;FALSE;FALSE;FALSE;vegetarian;not vegan;palmfree;TRUE;FALSE;FALSE;FALSE;FALSE;FALSE;FALSE;FALSE;FALSE;FALSE;FALSE;FALSE;FALSE;FALSE;FALSE
MTM® M 84;Protein ~84%, protein enrichment;18 months;;3504 0010;DE;Milk Protein Compound;;;;dairy;;TRUE;FALSE;FALSE;FALSE;FALSE;TRUE;FALSE;TRUE;FALSE;FALSE;FALSE;FALSE;vegetarian;not vegan;palmfree;TRUE;FALSE;FALSE;FALSE;FALSE;FALSE;FALSE;FALSE;FALSE;FALSE;FALSE;FALSE;FALSE;FALSE;FALSE
MTM® N 80 ;Protein ~77%, stirred yoghurt;18 months;;2106 9098;DE;Milk Protein Compound;;;;dairy;;TRUE;FALSE;FALSE;FALSE;FALSE;TRUE;FALSE;TRUE;FALSE;FALSE;FALSE;FALSE;vegetarian;not vegan;palmfree;TRUE;FALSE;FALSE;FALSE;FALSE;FALSE;FALSE;FALSE;FALSE;FALSE;FALSE;FALSE;FALSE;FALSE;FALSE
MTM® OL 100 ;Protein ~55%, stirred and greek style-yoghurt;12 months;;1901 9099;DE;Milk Protein Compound;;;;dairy;;TRUE;FALSE;FALSE;FALSE;FALSE;TRUE;FALSE;TRUE;FALSE;FALSE;FALSE;FALSE;vegetarian;not vegan;palmfree;TRUE;FALSE;FALSE;FALSE;FALSE;FALSE;FALSE;FALSE;FALSE;FALSE;FALSE;FALSE;FALSE;FALSE;FALSE
MTM® YO 80-3;Protein ~70%, stirred and set yoghurt, sour cream;18 months;;2106 9098;DE;Milk Protein Compound;;;;dairy;;TRUE;FALSE;FALSE;FALSE;FALSE;TRUE;FALSE;TRUE;FALSE;FALSE;FALSE;FALSE;vegetarian;not vegan;palmfree;TRUE;FALSE;FALSE;FALSE;FALSE;FALSE;FALSE;FALSE;FALSE;FALSE;FALSE;FALSE;FALSE;FALSE;FALSE
MTM® YO 802 ;Protein ~85%, stirred yoghurt;18 months;;3504 0010;DE;Milk Protein Compound;;;;dairy;;TRUE;FALSE;FALSE;FALSE;FALSE;TRUE;FALSE;TRUE;FALSE;FALSE;FALSE;FALSE;vegetarian;not vegan;palmfree;TRUE;FALSE;FALSE;FALSE;FALSE;FALSE;FALSE;FALSE;FALSE;FALSE;FALSE;FALSE;FALSE;FALSE;FALSE
Edifett® F 65 SB;;12 months;;2106 9098;DE;Fat Powder;;;;bakery & sweets,nutrition,savoury;;FALSE;TRUE;TRUE;TRUE;FALSE;TRUE;FALSE;TRUE;FALSE;FALSE;FALSE;FALSE;vegetarian;vegan;not palmfree;FALSE;FALSE;FALSE;FALSE;TRUE;FALSE;FALSE;TRUE;FALSE;TRUE;FALSE;FALSE;FALSE;FALSE;FALSE
Edifett® SCP X 100;Baking emulsifier, extruded type, tool manufacturing material;12 months;;2106 9098;DE;Baking Emulsifier;;;;bakery & sweets;;FALSE;TRUE;FALSE;FALSE;FALSE;FALSE;FALSE;TRUE;FALSE;FALSE;FALSE;FALSE;vegetarian;vegan;not palmfree;TRUE;FALSE;FALSE;FALSE;FALSE;FALSE;FALSE;FALSE;FALSE;FALSE;FALSE;FALSE;FALSE;FALSE;FALSE
Edifett® F 60 P/AS SG ;Non-hydrogenated palm oil 60%, Acid stable, low free fat content, vegetarian;18 months;;2106 9098;DE;Fat Powder;;;;savoury;;FALSE;FALSE;FALSE;TRUE;FALSE;TRUE;FALSE;TRUE; ; ; ;TRUE;vegetarian;vegan;not palmfree;FALSE;TRUE;TRUE;FALSE; ;FALSE;FALSE;TRUE;FALSE;TRUE;FALSE;FALSE;FALSE;FALSE;FALSE
Megglite® 32-05;;18 months;;2106 9098;DE;Coffee Whitener;;;;bakery & sweets;;FALSE;TRUE;FALSE;FALSE;FALSE;TRUE;FALSE;TRUE;FALSE;FALSE;FALSE;FALSE;vegetarian;vegan;palmfree;FALSE;FALSE;FALSE;TRUE;FALSE;FALSE;FALSE;TRUE;TRUE;FALSE;FALSE;FALSE;FALSE;FALSE;FALSE
Edifett® F 72 C;;18 months;;2106 9098;DE;Fat Powder;;;;bakery & sweets;;FALSE;TRUE;FALSE;FALSE;FALSE;TRUE;FALSE;TRUE;FALSE;FALSE;FALSE;FALSE;vegetarian;vegan;palmfree;FALSE;TRUE;FALSE;TRUE;FALSE;FALSE;FALSE;TRUE;FALSE;FALSE;TRUE;FALSE;FALSE;FALSE;FALSE
;;;;;;;;;;;;;;;;;;;;;;;;;;;;;;;;;;;;;;;;;
;;;;;;;;;;;;;;;;;;;;;;;;;;;;;;;;;;;;;;;;;
;;;;;;;;;;;;;;;;;;;;;;;;;;;;;;;;;;;;;;;;;
;;;;;;;;;;;;;;;;;;;;;;;;;;;;;;;;;;;;;;;;;
;;;;;;;;;;;;;;;;;;;;;;;;;;;;;;;;;;;;;;;;;
;;;;;;;;;;;;;;;;;;;;;;;;;;;;;;;;;;;;;;;;;
;;;;;;;;;;;;;;;;;;;;;;;;;;;;;;;;;;;;;;;;;
;;;;;;;;;;;;;;;;;;;;;;;;;;;;;;;;;;;;;;;;;
;;;;;;;;;;;;;;;;;;;;;;;;;;;;;;;;;;;;;;;;;